,M2,S2,N2,K2,K1,O1,P1
2022-10-21 00:00:00,1.770758006937088,1.9774404336203588e-11,4.09587461375232,0.8246661778033939,5.129576329922504,2.96385183259351,1.057147818625412
2022-10-21 00:05:00,1.8129137637175194,0.043633231214464274,4.137238609576876,0.8684195857803143,5.151453025640155,2.9841307418258167,1.0789047023073812
2022-10-21 00:10:00,1.8550695207267385,0.08726646264198479,4.178602605628184,0.9121729939914989,5.173329721474793,3.0044096511697522,1.1006615861058924
2022-10-21 00:15:00,1.8972252776243863,0.13089969395308998,4.219966601569951,0.9559264020884548,5.19520641725217,3.0246885604592024,1.1224184698459427
2022-10-21 00:20:00,1.939381034526118,0.17453292526419517,4.261330597517853,0.9996798101868407,5.2170831130301165,3.044967469751997,1.1441753535861197
2022-10-21 00:25:00,1.9815367913112016,0.21816615645888504,4.302694593349074,1.0434332181699837,5.238959808750296,3.0652463789857336,1.1659322372683425
2022-10-21 00:30:00,2.0236925482094197,0.26179938776999023,4.344058589291411,1.087186626271734,5.2608365045296335,3.085525288273274,1.1876891210085199
2022-10-21 00:35:00,2.0658483051081653,0.3054326190810954,4.385422585234277,1.1309400343754206,5.282713200309794,3.1058041975603463,1.2094460047485698
2022-10-21 00:40:00,2.1080040621236016,0.34906585050861594,4.42678658129385,1.1746934425972064,5.304589896148857,3.12608310690503,1.2312028885468274
2022-10-21 00:45:00,2.1501598189097795,0.3926990817033058,4.468150577126169,1.2184468505870782,5.326466591871818,3.1463620161363886,1.2529597722290506
2022-10-21 00:50:00,2.1923155758090953,0.436332313014411,4.509514573069621,1.2622002586955592,5.348343287653938,3.1666409254215506,1.2747166559692276
2022-10-21 00:55:00,2.234471332708937,0.4799655443255162,4.550878569013582,1.3059536668059764,5.37021998343688,3.1869198347062433,1.2964735397092775
2022-10-21 01:00:00,2.276627089724961,0.5235987757530367,4.592242565073745,1.3497070750339812,5.39209667927847,3.207198744048296,1.318230423507789
2022-10-21 01:05:00,2.3187828465086824,0.5672320069477266,4.633606560901569,1.39346048303109,5.413973375004467,3.227477653273465,1.3399873071897583
2022-10-21 01:10:00,2.3609386034131568,0.6108652382588318,4.67497055685218,1.4372138911462997,5.435850070789368,3.247756562560312,1.3617441909299353
2022-10-21 01:15:00,2.4030943602009813,0.6544984694535216,4.716334552686158,1.4809672991462648,5.457726766516502,3.268035471788102,1.383501074612159
2022-10-21 01:20:00,2.4452501172186114,0.6981317008810421,4.757698548747923,1.5247207073815083,5.479603462361129,3.2883143811280293,1.4052579584104166
2022-10-21 01:25:00,2.4874058741119693,0.7417649321921473,4.799062544681357,1.5684741155020152,5.501480158148242,3.3085932904010287,1.4270148421504665
2022-10-21 01:30:00,2.5295616310172875,0.7853981635032525,4.840426540632812,1.6122275236236998,5.5233568539357965,3.32887219968537,1.4487717258907704
2022-10-21 01:35:00,2.571717387806464,0.8290313946979424,4.88179053646814,1.6559809316306495,5.54523354966584,3.349151108910909,1.4705286095728667
2022-10-21 01:40:00,2.613873144708773,0.8726646260090476,4.923154532414571,1.6997343397562066,5.567110245455041,3.3694300181902506,1.4922854933129166
2022-10-21 01:45:00,2.656028901723708,0.9162978574365681,4.964518528471613,1.7434877479998612,5.588986941303144,3.3897089275231402,1.5140423771111746
2022-10-21 01:50:00,2.698184658513455,0.959931088631258,5.005882524307509,1.7872411560116035,5.610863637035147,3.409987836746769,1.5357992607933975
2022-10-21 01:55:00,2.7403404154203983,1.0035643199423632,5.047246520260591,1.8309945641419514,5.632740332826305,3.430266746028264,1.5575561445335744
2022-10-21 02:00:00,2.782496172323297,1.0471975512534684,5.088610516207609,1.8747479722737275,5.654617028618033,3.4505456553049734,1.5793130282738783
2022-10-21 02:05:00,2.8246519292269774,1.0908307825645736,5.129974512155412,1.9185013804076974,5.676493724410711,3.470824564581341,1.6010699120139287
2022-10-21 02:10:00,2.866807686018074,1.1344640137592634,5.171338507992662,1.9622547884264225,5.698370420145621,3.4911034738027187,1.6228267956960245
2022-10-21 02:15:00,2.9089634429258577,1.1780972450703686,5.212702503946582,2.0060081965632452,5.7202471159394355,3.5113823830817075,1.6445836794363284
2022-10-21 02:20:00,2.9511191998301065,1.2217304763814738,5.254066499894968,2.049761604702004,5.742123811734071,3.5316612923561657,1.6663405631765054
2022-10-21 02:25:00,2.9932749567346324,1.265363707692579,5.295430495843615,2.093515012842447,5.764000507529404,3.551940201630029,1.6880974469166823
2022-10-21 02:30:00,3.035430713639684,1.3089969390036842,5.336794491792801,2.1372684209848263,5.785877203325558,3.572219110903423,1.7098543306567326
2022-10-21 02:35:00,3.077586470544503,1.3526301703147894,5.378158487741727,2.1810218291283743,5.807753899122152,3.592498020175972,1.731611214397037
2022-10-21 02:40:00,3.119742227337495,1.3962634015094793,5.419522483580874,2.2247752371574467,5.829630594861362,3.612776929393908,1.7533680980790063
2022-10-21 02:45:00,3.161897984242861,1.4398966328205844,5.460886479530345,2.2685286453043627,5.851507290659347,3.6330558386652654,1.7751249818193102
2022-10-21 02:50:00,3.2040537411487584,1.4835298641316896,5.502250475480379,2.3122820534532167,5.8733839864581565,3.6533347479361558,1.7968818655594871
2022-10-21 02:55:00,3.2462094981675307,1.5271630955592101,5.543614471541256,2.356035461720422,5.895260682315996,3.6736136572607214,1.8186387493577447
2022-10-21 03:00:00,3.28836525496137,1.5707963267539,5.58497846738123,2.3997888697559695,5.91713737805786,3.693892566476152,1.840395633039841
2022-10-21 03:05:00,3.3305210118718964,1.6144295580650052,5.626342463337911,2.4435422779096143,5.939014073858627,3.714171475749196,1.862152516780145
2022-10-21 03:10:00,3.3726767687791437,1.6580627893761104,5.667706459289279,2.4872956860654494,5.960890769660345,3.7344503850178343,1.8839094005201948
2022-10-21 03:15:00,3.4148325257987597,1.701696020803631,5.709070455351002,2.531049094339128,5.982767465520838,3.754729294339896,1.9056662843185794
2022-10-21 03:20:00,3.456988282593695,1.7453292519983208,5.750434451192088,2.574802502381404,6.0046441612654835,3.7750082035529484,1.9274231680006757
2022-10-21 03:25:00,3.4991440395055733,1.788962483309426,5.791798447150118,2.61855591054203,6.026520857069159,3.795287112823741,1.9491800517408526
2022-10-21 03:30:00,3.5412997962972437,1.8325957145041158,5.833162442985897,2.6623093185879245,6.048397552815322,3.815566022031667,1.970936935422822
2022-10-21 03:35:00,3.5834555533217696,1.8762289459316364,5.8745264390545415,2.706062726868078,6.07027424867847,3.835844931355287,1.9926938192213335
2022-10-21 03:40:00,3.62561131023066,1.9198621772427416,5.915890435007567,2.7498161350340062,6.09215094448436,3.856123840620357,2.0144507029613834
2022-10-21 03:45:00,3.667767067143634,1.9634954085538467,5.95725443096668,2.793569543201359,6.114027640290816,3.8764027498887725,2.0362075867015603
2022-10-21 03:50:00,3.7099228239358943,2.0071286397485366,5.998618426803077,2.837322951253473,6.135904336039506,3.8966816590940665,2.0579644703837845
2022-10-21 03:55:00,3.7520785809620225,2.050761871176057,6.039982422873326,2.881076359540863,6.157781031905689,3.916960568415561,2.079721354182042
2022-10-21 04:00:00,3.7942343378679464,2.0943951024871623,6.081346418821354,2.92482976771352,6.17965772771436,3.9372394776741895,2.101478237922092
2022-10-21 04:05:00,3.8363900947820184,2.1380283337982675,6.122710414781563,2.968583175887602,6.201534423523598,3.957518386940226,2.123235121662269
2022-10-21 04:10:00,3.878545851575378,2.1816615649929574,6.164074410619044,3.0123365839464444,6.22341111927507,3.9777972961431423,2.144992005344492
2022-10-21 04:15:00,3.9207016084899955,2.2252947963040626,6.205438406579798,3.0560899921238924,6.245287815085699,3.998076205407988,2.166748889084669
2022-10-21 04:20:00,3.9628573654010797,2.2689280276151678,6.246802402535021,3.0998434003032767,6.267164510897151,4.018355114668303,2.188505772824719
2022-10-21 04:25:00,4.005013122424284,2.3125612590426883,0.00498109142074199,3.143596808600252,0.00585589958766608,4.038634023981914,2.2102626566232306
2022-10-21 04:30:00,4.0471688792233085,2.356194490237378,0.04634508726590347,3.1873502166663297,0.027732595342173205,4.05891293318677,2.2320195403052
2022-10-21 04:35:00,4.089324636139025,2.3998277215484833,0.08770908322777338,3.2311036248505047,0.049609291155583435,4.079191842449238,2.253776424045377
2022-10-21 04:40:00,4.131480393050699,2.4434609528595885,0.12907307918356814,3.2748570330361098,0.0714859869695621,4.099470751706921,2.2755333077856807
2022-10-21 04:45:00,4.173636149962899,2.4870941841706937,0.1704370751398887,3.3186104412236475,0.09336268278436233,4.119749660964137,2.2972901915258577
2022-10-21 04:50:00,4.215791906763023,2.5307274153653836,0.21180107098616574,3.362363849296454,0.11523937854165034,4.140028570166615,2.319047075207827
2022-10-21 04:55:00,4.257947663679582,2.574360646676489,0.25316506694887586,3.406117257487102,0.13711607435771533,4.160307479426579,2.340803958948131
2022-10-21 05:00:00,4.300103420588542,2.617993877987594,0.294529062899926,3.4498706656796863,0.158992770174601,4.180586388677948,2.362560842688308
2022-10-21 05:05:00,4.342259177505902,2.661627109298699,0.335893058863423,3.493624073873953,0.180869465992183,4.20086529793685,2.3843177264284847
2022-10-21 05:10:00,4.384414934419475,2.7052603406098044,0.3772570548211327,3.537377482069907,0.20274616181046223,4.2211442071910925,2.4060746101686616
2022-10-21 05:15:00,4.426570691337128,2.7488935719209096,0.4186210507849246,3.581130890267282,0.22462285762930545,4.241423116448678,2.427831493908966
2022-10-21 05:20:00,4.468726448130768,2.7925268031155994,0.45998504662066964,3.624884298350178,0.246499553390767,4.261702025639462,2.4495883775909353
2022-10-21 05:25:00,4.510882205161579,2.83616003454312,0.5013490426955993,3.668637706667589,0.26837624926933756,4.281980934950129,2.47134526138932
2022-10-21 05:30:00,4.553037962076502,2.879793265854225,0.542713038654659,3.712391114870524,0.2902529450905229,4.302259844202119,2.4931021451293702
2022-10-21 05:35:00,4.5951937189952545,2.9234264971653303,0.5840770346195505,3.756144523074628,0.3121296409121497,4.322538753457327,2.5148590288696737
2022-10-21 05:40:00,4.637349475794055,2.96705972836002,0.625441030462472,3.7998979311642493,0.33400633667639035,4.342817662649796,2.5366159125516434
2022-10-21 05:45:00,4.679505232713357,3.0106929596711254,0.6668050264279088,3.8436513393717213,0.3558830324994089,4.3630965719038155,2.558372796291947
2022-10-21 05:50:00,4.72166098962912,3.0543261909822306,0.7081690223878105,3.887404747581126,0.3777597283232481,4.383375481153301,2.580129680032124
2022-10-21 05:55:00,4.763816746541348,3.0979594222933358,0.7495330183421451,3.931158155792467,0.3996364241479089,4.403654390398257,2.601886563772174
2022-10-21 06:00:00,4.805972503461472,3.141592653604441,0.7908970143084062,3.97491156400498,0.421513119973012,4.423933299650493,2.623643447512478
2022-10-21 06:05:00,4.84812826038187,3.185225884915546,0.832261010274955,4.018664972219177,0.44338981579880965,4.444212208902135,2.6454003312527816
2022-10-21 06:10:00,4.890284017298985,3.2288591162266513,0.8736250062361925,4.062418380435563,0.46526651162555765,4.46449111814937,2.667157214992832
2022-10-21 06:15:00,4.932439774212057,3.2724923475377565,0.9149890021913691,4.106171788653377,0.4871432074528732,4.4847700273918205,2.688914098733009
2022-10-21 06:20:00,4.974595531133531,3.3161255788488617,0.9563529981589785,4.149925196872875,0.5090199032808851,4.5050489366418045,2.710670982473186
2022-10-21 06:25:00,5.016751287938611,3.3597588100435516,0.9977169940102115,4.193678604977382,0.530896599051256,4.5253278458328605,2.732427866155282
2022-10-21 06:30:00,5.058907044856314,3.403392041354657,1.0390809899720335,4.237432013199989,0.55277329488053,4.545606755077465,2.754184749895586
2022-10-21 06:35:00,5.101062801770736,3.447025272665762,1.0804449859285459,4.281185421424784,0.5746499907107543,4.5658856643176655,2.775941633635636
2022-10-21 06:40:00,5.143218558805659,3.4906585040932825,1.1218089820076056,4.324938829767422,0.5965266865997547,4.586164573619416,2.7976985174340205
2022-10-21 06:45:00,5.185374315611833,3.5342917352879724,1.1631729778599187,4.368692237878655,0.6184033823729047,4.606443482808094,2.8194554011161173
2022-10-21 06:50:00,5.227530072530886,3.5779249665990775,1.2045369738230924,4.412445646108242,0.6402800782050875,4.626722392050446,2.841212284856294
2022-10-21 06:55:00,5.269685829450468,3.6215581979101827,1.245900969786815,4.456199054339766,0.6621567740380927,4.647001301292334,2.862969168596344
2022-10-21 07:00:00,5.311841586486489,3.6651914293377033,1.287264965866969,4.49995246268913,0.6840334699298714,4.6672802105917075,2.8847260523947287
2022-10-21 07:05:00,5.353997343293759,3.708824660532393,1.3286289617203764,4.543705870807091,0.705910165705804,4.687559119778006,2.906482936076825
2022-10-21 07:10:00,5.39615310021391,3.7524578918434983,1.3699929576846301,4.587459279043408,0.7277868615407677,4.707838029017982,2.928239819817002
2022-10-21 07:15:00,5.438308857021731,3.796091123038188,1.411356953538606,4.631212687164734,0.7496635573180912,4.728116938203094,2.949996703499098
2022-10-21 07:20:00,5.480464614058846,3.8397243544657087,1.4527209496198417,4.674966095520826,0.7715402532126525,4.748395847500088,2.9717535872974827
2022-10-21 07:25:00,5.522620370980073,3.883357585776814,1.4940849455852234,4.71871950376244,0.7934169490498286,4.768674756738407,2.9935104710375326
2022-10-21 07:30:00,5.564776127901322,3.926990817087919,1.535448941550575,4.762472912005478,0.8152936448875714,4.788953665976006,3.01526735477771
2022-10-21 07:35:00,5.606931884709985,3.970624048282609,1.576812937405391,4.80622632013328,0.8371703406675488,4.809232575158614,3.037024238459933
2022-10-21 07:40:00,5.649087641635845,4.014257279593714,1.6181769333773879,4.849979728379683,0.8590470365066842,4.829511484399086,3.05878112220011
2022-10-21 07:45:00,5.6912433985541035,4.057890510904819,1.6595409293377354,4.893733136628022,0.8809237323466386,4.849790393630964,3.08053800594016
2022-10-21 07:50:00,5.733399155480006,4.1015237422159245,1.700904925309791,4.9374865448772844,0.90280042818691,4.870069302869995,3.1022948896805906
2022-10-21 07:55:00,5.775554912286207,4.145156973410614,1.7422689211601146,4.98123995301232,0.9246771239699223,4.890348212046415,3.12405177336256
2022-10-21 08:00:00,5.817710669209099,4.18879020472172,1.783632917127127,5.024993361265448,0.9465538198118368,4.910627121280446,3.1458086571027377
2022-10-21 08:05:00,5.859866426132012,4.232423436032825,1.824996913094159,5.068746769520004,0.9684305156543189,4.930906030513756,3.1675655408430416
2022-10-21 08:10:00,5.902022183172123,4.276056667460345,1.8663609091784057,5.112500177893171,0.9903072115559599,4.951184939804935,3.1893224246412992
2022-10-21 08:15:00,5.944177939983485,4.319689898655035,1.9077249050359075,5.156253586034929,1.0121839073417513,4.971463848983039,3.2110793083232685
2022-10-21 08:20:00,5.986333696907218,4.36332312996614,1.9490889010037638,5.200006994294533,1.0340606031863198,4.991742758214567,3.2328361920635724
2022-10-21 08:25:00,6.028489453831483,4.4069563612772455,1.9904528969721618,5.243760402556074,1.0559372990317106,5.0120216674456275,3.2545930758037493
2022-10-21 08:30:00,6.070645210872691,4.450589592704766,2.031816893057492,5.287513810935966,1.0778139949361316,5.032300576734427,3.276349959602007
2022-10-21 08:35:00,6.112800967684896,4.494222823899456,2.0731808889158483,5.3312672190841965,1.0996906907245778,5.0525794859100275,3.298106843284103
2022-10-21 08:40:00,6.154956724609727,4.537856055210561,2.114544884884788,5.375020627350526,1.1215673865719262,5.072858395139179,3.319863727024407
2022-10-21 08:45:00,6.197112481422737,4.581489286405251,2.155908880743949,5.418774035502377,1.1434440823618894,5.093137304313718,3.3416206107063764
2022-10-21 08:50:00,6.239268238464785,4.6251225178327715,2.1972728768301195,5.462527443888742,1.1653207782689643,5.113416213600013,3.363377494504761
2022-10-21 08:55:00,6.281423995390945,4.668755749143877,2.238636872800434,5.506280852160625,1.187197474118654,5.133695122827633,3.385134378244811
2022-10-21 09:00:00,0.040394445137289736,4.712388980454982,2.2800008687704647,5.550034260433684,1.2090741699687833,5.153974032054406,3.406891261985115
2022-10-21 09:05:00,0.08255020195139373,4.756022211649672,2.3213648646307075,5.593787668592256,1.2309508657615256,5.17425294122657,3.428648145667084
2022-10-21 09:10:00,0.12470595899454118,4.799655443077192,2.3627288607179917,5.637541076985347,1.2528275616713813,5.194531850510487,3.4504050294654687
2022-10-21 09:15:00,0.16686171591341825,4.8432886743882975,2.4040928566769235,5.681294485263702,1.274704257523723,5.2148107597274755,3.4721619132056456
2022-10-21 09:20:00,0.20901747284475825,4.886921905699403,2.4454568526544183,5.725047893543742,1.2965809533767612,5.235089668956061,3.4939187969458225
2022-10-21 09:25:00,0.25117322965970423,4.9305551368940925,2.486820848515517,5.768801301708788,1.3184576491721565,5.255368578125719,3.5156756806279197
2022-10-21 09:30:00,0.29332898659134266,4.974188368205198,2.5281848444933086,5.812554709991936,1.3403343450264584,5.275647487352989,3.537432564368223
2022-10-21 09:35:00,0.3354847435156323,5.017821599516303,2.5695488404596887,5.856308118277269,1.3622110408817063,5.295926396571792,3.5591894481082735
2022-10-21 09:40:00,0.3776405004440093,5.061454830827408,2.6109128364321847,5.900061526564038,1.3840877367375253,5.316205305793936,3.5809463318484505
2022-10-21 09:45:00,0.41979625737672066,5.105088062138513,2.652276832411051,5.94381493485248,1.405964432594037,5.33648421501955,3.6027032155886274
2022-10-21 09:50:00,0.461952014305389,5.1487212934496185,2.6936408283838222,5.98756834314235,1.427841128451118,5.356763124240379,3.6244600993289313
2022-10-21 09:55:00,0.5041077712345885,5.192354524760724,2.7350048243571745,6.031321751434163,1.4497178243090225,5.37704203346074,3.6462169830691082
2022-10-21 10:00:00,0.5462635281643138,5.235987756071829,2.7763688203310224,6.075075159727906,1.4715945201677467,5.397320942680635,3.667973866809158
2022-10-21 10:05:00,0.5884192850978689,5.279620987382934,2.8177328163107287,6.1188285680228205,1.4934712160269124,5.417599851903745,3.689730750549462
2022-10-21 10:10:00,0.6305750419112179,5.323254218577624,2.859096812168186,6.162581976203004,1.5153479118285649,5.437878761063993,3.7114876342315584
2022-10-21 10:15:00,0.6727307988455777,5.366887449888729,2.9004608081486793,6.206335384501536,1.5372246076892475,5.45815767028604,3.7332445179717353
2022-10-21 10:20:00,0.7148865557763973,5.410520681199834,2.9418248041236374,6.250088792802007,1.5591013035507535,5.478436579503557,3.755001401711785
2022-10-21 10:25:00,0.7570423127107961,5.4541539125109395,2.9831888001041893,0.010656893923808752,1.580977999412573,5.498715488724162,3.776758285452216
2022-10-21 10:30:00,0.7991980695214327,5.497787143705629,3.0245527959569163,0.054410302110969866,1.6028546952171325,5.518994397878094,3.7985151691341854
2022-10-21 10:35:00,0.8413538264568867,5.541420375016735,3.0659167919385055,0.09816371041623029,1.624731391080597,5.539273307097765,3.8202720528743623
2022-10-21 10:40:00,0.8835095833885518,5.58505360632784,3.107280787914309,0.14191711872317114,1.646608086944755,5.5595522163127775,3.8420289366145393
2022-10-21 10:45:00,0.9256653404328432,5.62868683775536,3.1486447840006875,0.18567052714821486,1.668484782867818,5.5798311255813395,3.8637858204129243
2022-10-21 10:50:00,0.9678210972527026,5.67232006895005,3.190008779866684,0.22942393534210126,1.6903614786751584,5.60011003474102,3.8855427040948936
2022-10-21 10:55:00,1.0099768541892526,5.715953300261155,3.2313727758494046,0.2731773436540834,1.712238174541401,5.620388943958314,3.9072995878350705
2022-10-21 11:00:00,1.0521326110050886,5.759586531455845,3.2727367717093454,0.31693075185082975,1.7341148703498792,5.64066785311249,3.9290564715172938
2022-10-21 11:05:00,1.0942883680547926,5.803219762883366,3.314100767803186,0.36068416028284744,1.7559915662758474,5.660946762382864,3.9508133553155513
2022-10-21 11:10:00,1.1364441249883548,5.846852994194471,3.355464763780871,0.4044375686001338,1.7778682621443043,5.68122567159444,3.9725702390556017
2022-10-21 11:15:00,1.1785998819254964,5.890486225505576,3.396828759764162,0.44819097691833676,1.7997449580130738,5.701504580809103,3.994327122796032
2022-10-21 11:20:00,1.2207556387429381,5.934119456700266,3.4381927556257104,0.49194438512231287,1.8216216538245842,5.721783489961155,4.0160840064780015
2022-10-21 11:25:00,1.2629113957937363,5.9777526881277865,3.479556751720647,0.5356977935610558,1.8434983497533342,5.742062399229153,4.037840890276259
2022-10-21 11:30:00,1.30506715272789,6.021385919438892,3.520920747698934,0.5794512018845595,1.865375045624317,5.762341308438096,4.059597774016563
2022-10-21 11:35:00,1.3472229096666322,6.065019150749997,3.5622847436838114,0.6232046102099993,1.8872517414961223,5.782620217650636,4.08135465775674
2022-10-21 11:40:00,1.3893786664851717,6.108652381944687,3.6036487395464754,0.6669580184207007,1.9091284373104127,5.802899126800311,4.103111541438709
2022-10-21 11:45:00,1.4315344234242087,6.152285613255792,3.6450127355316475,0.7107114267492456,1.9310051331834792,5.8231780360115355,4.124868425179013
2022-10-21 11:50:00,1.4736901803556481,6.195918844566897,3.6863767315051916,0.7544648350797267,1.9528818290573682,5.843456945214166,4.14662530891919
2022-10-21 11:55:00,1.5158459374080913,6.239552075994418,3.7277407276017733,0.7982182435285559,1.9747585249902873,5.863735854478598,4.1683821927174485
2022-10-21 12:00:00,1.5580016942274713,9.521272659185342e-12,3.769104723465258,0.8419716517457321,1.9966352208072315,-0.39917054355381776,-2.093046230780042
2022-10-21 12:05:00,1.6001574511676042,0.043633231320626464,3.8104687194515448,0.8857250600810014,2.0185119166830785,-0.3788916343449703,-2.0712893470397375
2022-10-21 12:10:00,1.6423132081044567,0.08726646263173166,3.8518327154325176,0.9294784684184618,2.0403886125598745,-0.3586127251405261,-2.0495324632996876
2022-10-21 12:15:00,1.6844689651539344,0.13089969405925217,3.8931967115241006,0.9732318768740207,2.062265308495574,-0.33833381588253386,-2.02777557950143
2022-10-21 12:20:00,1.7266247219784752,0.17453292525394204,3.9345607073947786,1.0169852850979195,2.0841420043152987,-0.3180549067336764,-2.006018695819334
2022-10-21 12:25:00,1.7687804789197044,0.21816615656504723,3.9759247033821596,1.060738693439916,2.1060187001939257,-0.2977759975272064,-1.9842618120790299
2022-10-21 12:30:00,1.8109362357450471,0.2617993877597371,4.017288699253655,1.1044921016674314,2.127895396015167,-0.27749708837941045,-1.9625049283970606
2022-10-21 12:35:00,1.8530919927953682,0.3054326191872576,4.058652695346067,1.1482455101294615,2.14977209195352,-0.2572181791239212,-1.940748044598676
2022-10-21 12:40:00,1.8952477497336104,0.3490658504983628,4.100016691328446,1.1919989184767568,2.1716487878343598,-0.23693926992317127,-1.918991160858499
2022-10-21 12:45:00,1.9374035066761917,0.392699081809468,4.141380687317162,1.2357523268257324,2.193525483715894,-0.21666036071894945,-1.8972342771183222
2022-10-21 12:50:00,1.9795592634983123,0.43633231300415787,4.182744683183405,1.2795057350597192,2.2154021795397885,-0.1963814515777218,-1.8754773934362259
2022-10-21 12:55:00,2.0217150205537924,0.4799655444316784,4.224108679283006,1.3232591435284746,2.237278875480921,-0.17610254232054667,-1.8537205096378413
2022-10-21 13:00:00,2.06387077738078,0.5235987756263683,4.265472675156163,1.367012551766078,2.2591555713063327,-0.1558236331763161,-1.831963625955872
2022-10-21 13:05:00,2.106026534320139,0.5672320069374734,4.306836671139626,1.410765960121524,2.2810322671905197,-0.13554472397866213,-1.810206742215568
2022-10-21 13:10:00,2.14818229114361,0.6108652381321633,4.348200667007202,1.4545193683624884,2.30290896301732,-0.11526581483968323,-1.7884498585335988
2022-10-21 13:15:00,2.1903380480875807,0.6544984694432685,4.3895646629973255,1.498272776721297,2.324785658902897,-0.09498690563915435,-1.766692974793295
2022-10-21 13:20:00,2.2324938050280165,0.6981317007543737,4.430928658981883,1.542026185082043,2.346662354789297,-0.07470799644315723,-1.744936091053118
2022-10-21 13:25:00,2.2746495620853953,0.7417649321818942,4.472292655083399,1.5857795935611394,2.3685390507347264,-0.05442908718942041,-1.7231792072548604
2022-10-21 13:30:00,2.316805318909706,0.7853981633765841,4.51365665095183,1.629533001808575,2.3904157465641798,-0.03415017805294729,-1.7014223235727632
2022-10-21 13:35:00,2.3589610758547748,0.8290313946876893,4.555020646943036,1.6732864101741072,2.412292442452536,-0.013871268854793173,-1.6796654398324593
2022-10-21 13:40:00,2.4011168327965597,0.8726646259987945,4.596384642928958,1.7170398185418314,2.4341691383418427,0.006407640338953302,-1.6579085560924094
2022-10-21 13:45:00,2.4432725897345566,0.9162978573098997,4.637748638909044,1.7607932269112379,2.456045834231844,0.02668654952804317,-1.6361516723523595
2022-10-21 13:50:00,2.485428346680446,0.9599310886210048,4.679112634901085,1.804546635281815,2.477922530122286,0.0469654587244126,-1.6143947886120555
2022-10-21 13:55:00,2.5275841036266082,1.00356431993211,4.720476630893385,1.8483000436540724,2.4997992260134225,0.0672443679201869,-1.5926379048717516
2022-10-21 14:00:00,2.5697398604568846,1.0471975511268,4.761840626769829,1.8920534519118508,2.521675921847174,0.08752327705728746,-1.5708810211897823
2022-10-21 14:05:00,2.6118956173957226,1.090830782437905,4.803204622750757,1.9358068602877285,2.543552617739828,0.10780218624387289,-1.5491241374496054
2022-10-21 14:10:00,2.6540513744553142,1.1344640138654256,4.8445686188544705,1.9795602687816984,2.5654293136913844,0.12808109549213698,-1.5273672536512208
2022-10-21 14:15:00,2.6962071312864127,1.1780972450601155,4.885932614731722,2.0233136770445217,2.5873060095272202,0.14836000462745502,-1.5056103699692516
2022-10-21 14:20:00,2.738362888229883,1.2217304763712207,4.9272966107192975,2.067067085425185,2.6091827054218317,0.168638913816196,-1.4838534862289476
2022-10-21 14:25:00,2.780518645169817,1.2653637076823259,4.968660606701335,2.110820493807786,2.6310594013172657,0.18891782300040444,-1.4620966024887707
2022-10-21 14:30:00,2.8226744022307586,1.3089969391098464,5.010024602806416,2.154573902308739,2.6529360972717297,0.20919673224641733,-1.4403397186905131
2022-10-21 14:35:00,2.864830159062953,1.3526301703045363,5.05138859868476,2.198327310578284,2.674812793110345,0.22947564137935844,-1.4185828350085439
2022-10-21 14:40:00,2.9069859160072657,1.3962634016156414,5.09275259467318,2.2420807189654184,2.696689489007609,0.2497545505655963,-1.396825951268113
2022-10-21 14:45:00,2.949141672840008,1.4398966328103313,5.1341165905520585,2.285834127238328,2.7185661848476146,0.2700334596973491,-1.3750690675861437
2022-10-21 14:50:00,2.9912974299020467,1.4835298642378518,5.175480586658234,2.329587535746004,2.740442880804858,0.2903123689409861,-1.353312183787886
2022-10-21 14:55:00,3.0334531868474337,1.527163095548957,5.216844582647742,2.3733409441384357,2.762319576704334,0.3105912781255656,-1.3315553000475817
2022-10-21 15:00:00,3.075608943793349,1.5707963268600622,5.258208578637794,2.4170943525328035,2.784196272604632,0.3308701873096795,-1.3097984163074043
2022-10-21 15:05:00,3.1177647006271876,1.614429558054752,5.29957257451777,2.4608477608124346,2.806072968447416,0.3511490964390571,-1.288041532625435
2022-10-21 15:10:00,3.159920457690068,1.6580627894822726,5.3409365706247725,2.5046011693265804,2.827949664407312,0.37142800568019047,-1.2662846488270505
2022-10-21 15:15:00,3.2020762146368065,1.7016960207933778,5.382300566615648,2.5483545777259913,2.8498263603096947,0.3917069148625223,-1.2445277650868736
2022-10-21 15:20:00,3.2442319715838193,1.745329252104483,5.423664562606764,2.5921079861270826,2.871703056212772,0.4119858240442606,-1.2227708813466966
2022-10-21 15:25:00,3.286387728418755,1.7889624832991728,5.4650285584878535,2.635861394413439,2.8935797520583364,0.4322647331712611,-1.2010139976647274
2022-10-21 15:30:00,3.3285434853698703,1.832595714610278,5.506392554485122,2.679614802817385,2.9154564479625495,0.45254364235561945,-1.1792571139242964
2022-10-21 15:35:00,3.3706992423138953,1.8762289459213832,5.547756550471252,2.723368211223775,2.9373331438678396,0.47282255153163744,-1.1575002301842465
2022-10-21 15:40:00,3.4128549992660693,1.9198621772324884,5.5891205464695615,2.7671216196315918,2.959209839773697,0.4931014607150638,-1.1357433464440696
2022-10-21 15:45:00,3.4550107562103882,1.9634954085435936,5.63048454245597,2.8108750280410906,2.9810865356802494,0.5133803698897665,-1.1139864627038927
2022-10-21 15:50:00,3.4971665131628553,2.007128639854699,5.67184853845459,2.854628436452014,3.002963231587369,0.5336592790718767,-1.0922295789635887
2022-10-21 15:55:00,3.5393222699953713,2.0507618710493887,5.713212534331212,2.8983818447484566,3.0248399274371027,0.5539381881912488,-1.0704726952816195
2022-10-21 16:00:00,3.5814780270609905,2.094395102476909,5.754576530440983,2.942135253279414,3.046716623403948,0.5742170974264392,-1.048715811483235
2022-10-21 16:05:00,3.623633783897864,2.138028333671599,5.795940526323993,2.9858886615789633,3.0685933192549437,0.5944960065485605,-1.0269589278011386
2022-10-21 16:10:00,3.6657895408476175,2.1816615649827042,5.837304522317853,3.0296420699968643,3.09047001516497,0.6147749157243582,-1.0052020440609617
2022-10-21 16:15:00,3.707945297685038,2.225294796177394,5.878668518201426,3.073395478299778,3.112346711017356,0.6350538248452899,-0.983445160378865
2022-10-21 16:20:00,3.7501010547517555,2.2689280276049146,5.920032514312265,3.117148886837457,3.1342234069869797,0.6553327340781059,-0.9616882765804804
2022-10-21 16:25:00,3.792256811702585,2.31256125891602,5.961396510307231,3.160902295260657,3.1561001028992184,0.675611643252247,-0.9399313928404305
2022-10-21 16:30:00,3.834412568653179,2.356194490227125,6.002760506301946,3.204655703685029,3.177976798811897,0.6958905524255394,-0.9181745091001265
2022-10-21 16:35:00,3.8765683254919505,2.399827721421815,6.044124502186868,3.2484091119949223,3.199853494667191,0.7161694615442221,-0.8964176254181573
2022-10-21 16:40:00,3.9187240825597645,2.4434609528493354,6.085488498298805,3.292162520539325,3.221730190639594,0.7364483707746621,-0.8746607416197727
2022-10-21 16:45:00,3.9608798395114366,2.4870941841604406,6.126852494294598,3.3359159289689977,3.2436068865544856,0.7567272799463,-0.8529038578795958
2022-10-21 16:50:00,4.003035596463382,2.530727415471546,6.168216490290665,3.379669337400344,3.2654835824700696,0.777006189117345,-0.8311469741394188
2022-10-21 16:55:00,4.045191353302997,2.5743606466662357,6.209580486176416,3.423422745716705,3.287360278328015,0.7972850982335244,-0.8093900904573226
2022-10-21 17:00:00,4.0873471102552354,2.617993877977341,6.250944482172791,3.4671761541511597,3.3092369742448606,0.8175640074032562,-0.7876332067170186
2022-10-21 17:05:00,4.1295028672041925,2.661627109288446,0.009123170984252305,3.5109295625878065,3.331113670162658,0.8378429165685798,-0.7658763229769687
2022-10-21 17:10:00,4.171658624157488,2.7052603405995512,0.05048716698166711,3.5546829710261356,3.3529903660811504,0.8581218257373739,-0.7441194392369184
2022-10-21 17:15:00,4.213814381114615,2.7488935719106564,0.09185116298494744,3.5984363794656353,3.3748670620000825,0.8784007349093856,-0.7223625554966149
2022-10-21 17:20:00,4.255970138072014,2.7925268032217616,0.13321515898848268,3.6421897879068172,3.3967437579197095,0.8986796440808024,-0.7006056717563109
2022-10-21 17:25:00,4.298125895022067,2.836160034532867,0.17457915498064125,3.6859431963501876,3.4186204538402865,0.9189585532437503,-0.6788487880162606
2022-10-21 17:30:00,4.340281651976205,2.879793265843972,0.2159431509789167,3.729696604794986,3.440497149761431,0.9392374624100415,-0.6570919042760837
2022-10-21 17:35:00,4.382437408934425,2.923426497155077,0.2573071469832744,3.7734500132412094,3.462373845683142,0.9595163715796757,-0.6353350205357797
2022-10-21 17:40:00,4.424593165772696,2.967059728349767,0.29867114286566565,3.817203421572952,3.4842505415474676,0.9797952806865721,-0.61357813685381
2022-10-21 17:45:00,4.466748922731465,3.0106929596608722,0.34003513887057313,3.8609568300225376,3.5061272374705688,1.000074189855019,-0.5918212531135061
2022-10-21 17:50:00,4.508904679686699,3.0543261909719774,0.3813991348699428,3.904710238474058,3.528003933394492,1.0203530990189336,-0.5700643693733292
2022-10-21 17:55:00,4.551060436758877,3.097959422399498,0.4227631309862403,3.948463647043928,3.549880629377444,1.0406320082405904,-0.5483074855750716
2022-10-21 18:00:00,4.593216193598244,3.141592653594188,0.46412712686974533,3.9922170553823957,3.57175732524455,1.0609109173451114,-0.5265506018931023
2022-10-21 18:05:00,4.635371950557855,3.185225884905293,0.5054911228754921,4.035970463838449,3.593634021170302,1.0811898265110542,-0.5047937181526714
2022-10-21 18:10:00,4.677527707514438,3.228859116216398,0.5468551188761976,4.079723872296947,3.615510717097132,1.1014687356727195,-0.48303683441262146
2022-10-21 18:15:00,4.719683464587712,3.2724923476439187,0.588219114993608,4.1234772808735425,3.6373874130828643,1.1217476448919994,-0.4612799506143639
2022-10-21 18:20:00,4.761839221423603,3.3161255788386086,0.6295831108715726,4.167230689218226,3.6592641089524953,1.1420265539898264,-0.4395230669321406
2022-10-21 18:25:00,4.80399497838482,3.359758810149714,0.670947106878943,4.210984097681511,3.681140804881281,1.1623054631536487,-0.4177661831919637
2022-10-21 18:30:00,4.846150735229894,3.4033920413444037,0.712311102770169,4.254737506030063,3.703017500752555,1.1825843722586686,-0.3960092995099944
2022-10-21 18:35:00,4.888306492187339,3.447025272655509,0.7536750987717182,4.2984909144964565,3.7248941966826044,1.2028632814171103,-0.3742524157696905
2022-10-21 18:40:00,4.930462249145313,3.490658503966614,0.7950390947738297,4.342244322964783,3.746770892613474,1.2231421905750866,-0.35249553202951356
2022-10-21 18:45:00,4.972618006107625,3.5342917352777192,0.8364030907822793,4.385997731434793,3.7686475885450403,1.2434210997365323,-0.33073864828933663
2022-10-21 18:50:00,5.014773762953542,3.577924966472409,0.8777670866743481,4.429751139789813,3.790524284418966,1.2637000088390495,-0.30898176460724036
2022-10-21 18:55:00,5.056929520024688,3.6215581978999296,0.919131082787584,4.473504548379598,3.812400980410128,1.2839789180493872,-0.2872248808088549
2022-10-21 19:00:00,5.099085276984015,3.665191429211035,0.9604950787910322,4.517257956854904,3.8342776763439055,1.3042578272051144,-0.26546799706880586
2022-10-21 19:05:00,5.141241033947419,3.70882466052214,1.0018590748006053,4.561011365331634,3.856154372278249,1.3245367363641818,-0.24371111332862805
2022-10-21 19:10:00,5.183396790790368,3.75245789171683,1.0432230706876586,4.604764773693377,3.8780310681549537,1.3448156454602596,-0.22195422964653178
2022-10-21 19:15:00,5.22555254775407,3.796091123027935,1.0845870666975133,4.648518182173218,3.899907764090561,1.3650945546180142,-0.20019734590622784
2022-10-21 19:20:00,5.267708304714491,3.8397243543390402,1.1259510627020548,4.692271590655247,3.9217844600271174,1.3853734637713648,-0.17844046216617793
2022-10-21 19:25:00,5.309864061791347,3.8833575857665608,1.167315058823033,4.73602499925512,3.9436611560224506,1.4056523729822021,-0.15668357836779334
2022-10-21 19:30:00,5.352019818635392,3.9269908169612506,1.2086790547112,4.779778407623587,3.965537851901934,1.4259312820759038,-0.13492669468569707
2022-10-21 19:35:00,5.39417557559638,3.970624048272356,1.2500430507163065,4.8235318161104015,3.9874145478404466,1.446210191227346,-0.11316981094552014
2022-10-21 19:40:00,5.436331332557642,4.014257279583461,1.291407046721707,4.867285224598902,4.009291243779656,1.4664891003781924,-0.09141292720534322
2022-10-21 19:45:00,5.478487089635594,4.0578905110109815,1.3327710428437793,4.911038633205495,4.031167939777766,1.4867680095866538,-0.06965604340695863
2022-10-21 19:50:00,5.520642846480988,4.101523742205671,1.3741350387332938,4.954792041580937,4.0530446356601555,1.5070469186781068,-0.04789915972498937
2022-10-21 19:55:00,5.562798603446883,4.145156973516777,1.4154990347453253,4.9985454500742215,4.07492133160132,1.5273258278311104,-0.026142275984685437
2022-10-21 20:00:00,5.60495436029689,4.1887902047114665,1.45686303064147,5.042298858453025,4.096798027485099,1.54760473692544,-0.004385392302716173
2022-10-21 20:05:00,5.647110117371874,4.232423436138987,1.4982270267585749,5.086052267066343,4.11867472348599,1.567883646127461,0.017371491495668412
2022-10-21 20:10:00,5.689265874334779,4.276056667450092,1.5395910227656007,5.129805675564924,4.140551419429366,1.5881625552747431,0.039128375235845336
2022-10-21 20:15:00,5.731421631302023,4.319689898761197,1.5809550187789982,5.173559084065188,4.162428115373437,1.6084414644254985,0.06088525897602226
2022-10-21 20:20:00,5.773577388152871,4.363323129955887,1.6223190146759832,5.217312492450459,4.184304811259867,1.6287203735173241,0.08264214265811898
2022-10-21 20:25:00,5.815733145229205,4.406956361383408,1.6636830107944078,5.261065901070751,4.206181507263663,1.6489992827170978,0.10439902645637655
2022-10-21 20:30:00,5.857888902193207,4.450589592694513,1.7050470068025438,5.304819309576056,4.228058203209819,1.6692781918620057,0.12615591019655392
2022-10-21 20:35:00,5.900044659161547,4.494222824005618,1.7464110028170357,5.348572718083037,4.249934899156667,1.6895571010103843,0.14791279393673085
2022-10-21 20:40:00,5.942200416013492,4.537856055200308,1.7877749987151343,5.392326126475034,4.271811595045878,1.709836010099834,0.16966967761882668
2022-10-21 20:45:00,5.984356172978061,4.581489286511413,1.8291389947238095,5.436079534985124,4.293688290993989,1.730114919242835,0.1914265613591306
2022-10-21 20:50:00,6.026511929943413,4.625122517822518,1.8705029907332804,5.479832943497403,4.31556498694305,1.7503938283854938,0.21318344509918097
2022-10-21 20:55:00,6.068667686904722,4.668755749133624,1.9118669867366975,5.5235863520111135,4.33744168289268,1.7706727375233693,0.2349403288393579
2022-10-21 21:00:00,6.110823443870115,4.712388980444729,1.953230982746195,5.567339760526245,4.359318378842876,1.790951646664588,0.2566972125796618
2022-10-21 21:05:00,6.152979200840099,4.756022211755834,1.994594978762347,5.611093169043311,4.381195074793893,1.8112305558094035,0.27845409631983875
2022-10-21 21:10:00,6.195134957806292,4.799655443066939,2.0359589747726616,5.654846577562063,4.4030717707456075,1.8315094649495587,0.3002109800600157
2022-10-21 21:15:00,6.23729071477657,4.843288674378044,2.0773229707890764,5.698599986082238,4.424948466697888,1.8517883740930592,0.3219678638003196
2022-10-21 21:20:00,6.279446471626897,4.886921905572734,2.1186869666835246,5.74235339448793,4.446825162592781,1.8720672831738217,0.3437247474822889
2022-10-21 21:25:00,0.03841692141839115,4.930555136883839,2.1600509627007405,5.786106803011721,4.468701858546578,1.8923461923162614,0.3654816312224658
2022-10-21 21:30:00,0.080572678272822,4.974188368078529,2.201414958601326,5.829860211420268,4.490578554442608,1.9126251013996463,0.38723851490468864
2022-10-21 21:35:00,0.12272843535299138,5.01782159950605,2.242778954723601,5.873613620064086,4.512455250456128,1.9329040105911055,0.40899539870294666
2022-10-21 21:40:00,0.16488419232108242,5.061454830817155,2.284142950735811,5.917367028593173,4.534331946412136,1.9531829197278245,0.43075228244299657
2022-10-21 21:45:00,0.20703994929274927,5.10508806212826,2.325506946753631,5.961120437123176,4.556208642368457,1.9734618288676342,0.45250916618342796
2022-10-21 21:50:00,0.24919570614878417,5.14872129332295,2.3668709426558046,6.004873845538954,4.5780853382675195,1.993740737948897,0.4742660498653972
2022-10-21 21:55:00,0.29135146311363513,5.192354524634055,2.408234938662762,6.048627254073082,4.599962034225611,2.0140196470797727,0.49602293360544714
2022-10-21 22:00:00,0.3335072201992393,5.235987756061576,2.4495989347924834,6.092380662725306,4.621838730242606,2.0342985562723257,0.5177798174037047
2022-10-21 22:05:00,0.3756629770555877,5.279620987256266,2.4909629306949874,6.136134071145616,4.643715426143498,2.0545774653515534,0.539536701085928
2022-10-21 22:10:00,0.41781873402506875,5.323254218567371,2.5323269267085866,6.179887479684529,4.665592122103546,2.0748563744845843,0.5612935848261049
2022-10-21 22:15:00,0.4599744909945711,5.366887449878476,2.5736909227221947,6.223640888224869,4.687468818064162,2.095135283616894,0.5830504685664089
2022-10-21 22:20:00,0.502130247964601,5.410520681189581,2.6150549187363623,6.267394296767147,4.709345514025601,2.1154141927487364,0.6048073523065858
2022-10-21 22:25:00,0.5442860049351594,5.454153912500686,2.6564189147510398,0.027962398131771593,4.731222209987861,2.1356931018801117,0.6265642360466357
2022-10-21 22:30:00,0.5864417619057374,5.497787143811792,2.6977829107657243,0.07171580667740685,4.753098905950687,2.1559720110107685,0.6483211197868126
2022-10-21 22:35:00,0.6285975187637298,5.541420375006481,2.7391469066698857,0.11546921510779917,4.774975601855747,2.176250920086433,0.6700780034690359
2022-10-21 22:40:00,0.6707532758515251,5.585053606434002,2.7805109028018027,0.1592226237734664,4.796852297878299,2.1965298292742346,0.6918348872672935
2022-10-21 22:45:00,0.7129090328231777,5.628686837745107,2.8218748988175903,0.20297603232440053,4.8187289938433375,2.2168087384032336,0.7135917710073434
2022-10-21 22:50:00,0.7550647897945977,5.672320069056212,2.863238894833117,0.2467294408765035,4.840605689808816,2.237087647531387,0.7353486547476473
2022-10-21 22:55:00,0.7972205466539402,5.715953300250902,2.9046028907385963,0.2904828493138716,4.862482385716781,2.257366556604803,0.7571055384297436
2022-10-21 23:00:00,0.8393763036302255,5.759586531562007,2.9459668867610347,0.3342362578695912,4.884359081683776,2.277645465735959,0.7788624221699205
2022-10-21 23:05:00,0.8815320605986567,5.803219762873113,2.9873308827715697,0.3779896664269895,4.906235777651466,2.2979243748583933,0.8006193059100983
2022-10-21 23:10:00,0.923687817687842,5.846852994300633,3.0286948789048918,0.4217430751024871,4.928112473678058,2.318203284042505,0.8223761897084829
2022-10-21 23:15:00,0.9658435745485328,5.890486225495323,3.0700588748117195,0.46549648354683093,4.949989169588929,2.338482193113671,0.8441330733904522
2022-10-21 23:20:00,1.0079993315256601,5.934119456806428,3.111422870834984,0.5092498921090165,4.971865865558575,2.3587611022423247,0.8658899571307561
2022-10-21 23:25:00,1.0501550884954423,5.977752688117533,3.1527868668468724,0.5530033006733905,4.99374256152917,2.379040011362512,0.887646840870806
2022-10-21 23:30:00,1.092310845581661,6.021385919545054,3.194150862975178,0.5967567093556081,5.015619257558541,2.399318920540186,0.9094037246691906
2022-10-21 23:35:00,1.1344666024434487,6.065019150739744,3.2355148588831373,0.6405101178066754,5.03749595347219,2.419597829608978,0.9311606083511599
2022-10-21 23:40:00,1.176622359421672,6.108652382050849,3.276878854907496,0.6842635263755827,5.059372649444614,2.4398767387352565,0.9529174920914638
2022-10-21 23:45:00,1.2187781162796885,6.152285613245539,3.31824285080962,0.7280169348297552,5.0812493453595255,2.4601556477986692,0.9746743757735601
2022-10-21 23:50:00,1.2609338733713198,6.195918844673059,3.359606846945386,0.7717703435189467,5.103126041391802,2.4804345569781585,0.9964312595718177
2022-10-21 23:55:00,1.3030896302339494,6.239552075867749,3.4009708428541536,0.81552375197648,5.125002737308102,2.5007134660444486,1.018188143253914
2022-10-22 00:00:00,1.3452453873220644,1.1568346280910191e-10,3.4423348389843724,0.8592771606690324,5.146879433341767,2.520992375218685,1.0399450270521715
2022-10-22 00:05:00,1.3874011441852439,0.04363323131037333,3.483698834893705,0.9030305691299265,5.168756129259457,2.5412712842837886,1.0617019107342678
2022-10-22 00:10:00,1.4295569011651104,0.08726646262147852,3.5250628309197083,0.9467839777089164,5.190632825236049,2.5615501934065046,1.0834587944745717
2022-10-22 00:15:00,1.4717126581416942,0.13089969393258372,3.566426826940427,0.990537386290093,5.2125095212135895,2.5818291025248157,1.1052156782146216
2022-10-22 00:20:00,1.5138684151180453,0.1745329252436889,3.607790822960885,1.0342907948724438,5.23438621719157,2.602108011642281,1.1269725619549256
2022-10-22 00:25:00,1.556024171982318,0.21816615643837878,3.6491548188713097,1.0780442033400597,5.256262913112039,2.6223869207050075,1.1487294456370223
2022-10-22 00:30:00,1.5981799289635354,0.26179938774948397,3.690518814898665,1.1217976119260218,5.278139609091535,2.642665829825476,1.1704863293771992
2022-10-22 00:35:00,1.6403356859368987,0.30543261906058916,3.731882810914133,1.1655510205136679,5.300016305071727,2.6629447389372216,1.1922432131173766
2022-10-22 00:40:00,1.6824914430310143,0.3490658504881097,3.773246807052388,1.2093044292194097,5.321893001110823,2.6832236481106446,1.2140000969157612
2022-10-22 00:45:00,1.7246471998966388,0.39269908168279954,3.814610802964147,1.2530578376939996,5.343769697034196,2.703502557171123,1.2357569805977304
2022-10-22 00:50:00,1.766802956874887,0.43633231299390474,3.8559747989865016,1.2968112462866852,5.365646393016471,2.7237814662851525,1.2575138643379073
2022-10-22 00:55:00,1.8089587138490923,0.47996554430500993,3.8973387950028098,1.340564654880799,5.387523088999315,2.7440603753943957,1.2792707480782113
2022-10-22 01:00:00,1.8511144708281435,0.5235987756161151,3.9387027910259835,1.3843180634771013,5.4093997849831075,2.764339284507364,1.3010276318182612
2022-10-22 01:05:00,1.8932702278112767,0.5672320069272203,3.9800667870552857,1.4280714720748264,5.431276480967466,2.7846181936236754,1.3227845155584381
2022-10-22 01:10:00,1.9354259847941773,0.6108652382383255,4.0214307830843214,1.471824880673724,5.453153176952265,2.8048971027391407,1.344541399298869
2022-10-22 01:15:00,1.9775817416573815,0.6544984694330154,4.0627947789916306,1.5155782891583947,5.475029872879806,2.825176011791994,1.3662982829808383
2022-10-22 01:20:00,2.0197374987539423,0.6981317008605359,4.10415877513233,1.559331697877834,5.496906568924584,2.8454549209607927,1.388055166779096
2022-10-22 01:25:00,2.0618932557343648,0.7417649321716411,4.145522771156873,1.6030851064825367,5.518783264911849,2.865733830070792,1.4098120505191458
2022-10-22 01:30:00,2.10404901259788,0.785398163366331,4.186886767064511,1.6468385149717406,5.540659960841219,2.88601273912161,1.431568934201369
2022-10-22 01:35:00,2.146204769582658,0.8290313946774361,4.228250763095426,1.6905919235795448,5.562536656829744,2.90629164823436,1.453325817941546
2022-10-22 01:40:00,2.1883605265639012,0.8726646259885413,4.269614759120806,1.7343453321892888,5.584413352819093,2.926570557342578,1.475082701681596
2022-10-22 01:45:00,2.2305162836613253,0.9162978574160618,4.310978755262365,1.7780987409166205,5.6062900488670895,2.9468494665081564,1.4968395854801075
2022-10-22 01:50:00,2.2726720405264462,0.9599310886107517,4.352342751171589,1.8218521494130524,5.628166744799492,2.9671283755568516,1.5185964691620768
2022-10-22 01:55:00,2.3148277975123186,1.003564319921857,4.393706747203616,1.8656055580275783,5.650043440790795,2.9874072846672255,1.5403533529022542
2022-10-22 02:00:00,2.356983554381543,1.0471975511165468,4.4350707431189775,1.909358966526863,5.671920136724332,3.0076861937185457,1.5621102365844775
2022-10-22 02:05:00,2.3991393114765067,1.0908307825440673,4.476434739256032,1.9531123752614228,5.6937968327753605,3.027965102877939,1.583867120382735
2022-10-22 02:10:00,2.4412950684553287,1.1344640138551725,4.517798735276974,1.9968657838812458,5.715673528768876,3.0482440119785306,1.6056240041227854
2022-10-22 02:15:00,2.483450825442045,1.1780972451662777,4.559162731309826,2.040619192502241,5.737550224762831,3.0685229210864033,1.6273808878630889
2022-10-22 02:20:00,2.5256065823126193,1.2217304763609675,4.600526727226555,2.0843726010085017,5.759426920699274,3.088801830135474,1.6491377715451851
2022-10-22 02:25:00,2.5677623394086773,1.265363707788488,4.6418907233647015,2.1281260097497796,5.781303616753079,3.109080739292492,1.6708946553434432
2022-10-22 02:30:00,2.6099180963924056,1.3089969390995932,4.683254719392549,2.1718794183760703,5.803180312749246,3.129359648394645,1.69265153908362
2022-10-22 02:35:00,2.6520738533802177,1.3526301704106984,4.724618715426514,2.2156328270037857,5.825057008745979,3.1496385575001433,1.7144084228239236
2022-10-22 02:40:00,2.694229610252142,1.3962634016053883,4.765982711344593,2.2593862355170184,5.846933704685326,3.169917466546967,1.7361653065058933
2022-10-22 02:45:00,2.736385367236439,1.4398966329164935,4.807346707372995,2.3031396441480965,5.868810400683449,3.1901963756472136,1.7579221902461968
2022-10-22 02:50:00,2.7785411241089086,1.4835298641111834,4.848710703291616,2.3468930526646865,5.890687096624183,3.21047528469285,1.779679073928166
2022-10-22 02:55:00,2.820696881210422,1.5271630955387039,4.8900746994372515,2.390646461415793,5.91256379268203,3.2307541938502427,1.801435957726551
2022-10-22 03:00:00,2.862852638079124,1.5707963267333938,4.931438695350076,2.434399869935495,5.934440488624029,3.2510331028905015,1.823192841408647
